{
    "Precision": 0.6262583171049007,
    "Recall": 0.41642689717377196,
    "mAP50": 0.45729598412094286,
    "mAP50-95": 0.29965402154748455,
    "Inference time (ms/img)": 2.41200737085045,
    "Model": "yolov8s"
}