{
    "Precision": 0.36098589316911683,
    "Recall": 0.24854217669201498,
    "mAP50": 0.2477481200746435,
    "mAP50-95": 0.1344925640242683,
    "Inference time (ms/img)": 7.5871257554684135,
    "Model": "yolov8l"
}