{
    "Precision": 0.5817651440244193,
    "Recall": 0.36031698697524317,
    "mAP50": 0.39273355916414815,
    "mAP50-95": 0.25577154450142453,
    "Inference time (ms/img)": 3.0406986514989582,
    "Model": "yolov8n"
}