{
    "Precision": 0.6442226835367937,
    "Recall": 0.4505439483557906,
    "mAP50": 0.4892598812257539,
    "mAP50-95": 0.32822900156689505,
    "Inference time (ms/img)": 5.418835625514563,
    "Model": "yolov8m"
}